Date,Answer
03/21/2022,their
03/22/2022,slosh
03/23/2022,purge
03/24/2022,chest
03/25/2022,depot
03/26/2022,epoxy
03/27/2022,nymph
03/28/2022,found
03/29/2022,shall
03/30/2022,harry
03/31/2022,stove
04/01/2022,lowly
04/02/2022,snout
04/03/2022,trope
04/04/2022,fewer
04/05/2022,shawl
04/06/2022,natal
04/07/2022,comma
04/08/2022,foray
04/09/2022,scare
04/10/2022,stair
04/11/2022,black
04/12/2022,squad
04/13/2022,royal
04/14/2022,chunk
04/15/2022,mince
04/16/2022,shame
04/17/2022,cheek
04/18/2022,ample
04/19/2022,flair
04/20/2022,foyer
04/21/2022,cargo
04/22/2022,oxide
04/23/2022,plant
04/24/2022,olive
04/25/2022,inert
04/26/2022,askew
04/27/2022,heist
04/28/2022,shown
04/29/2022,zesty
04/30/2022,hasty
05/01/2022,trash
05/02/2022,fella
05/03/2022,larva
05/04/2022,forgo
05/05/2022,story
05/06/2022,hairy
05/07/2022,train
05/08/2022,homer
05/09/2022,badge
05/10/2022,midst
05/11/2022,canny
05/12/2022,fetus
05/13/2022,butch
05/14/2022,farce
05/15/2022,slung
05/16/2022,tipsy
05/17/2022,metal
05/18/2022,yield
05/19/2022,delve
05/20/2022,being
05/21/2022,scour
05/22/2022,glass
05/23/2022,gamer
05/24/2022,scrap
05/25/2022,money
05/26/2022,hinge
05/27/2022,album
05/28/2022,vouch
05/29/2022,asset
05/30/2022,tiara
05/31/2022,crept
06/01/2022,bayou
06/02/2022,atoll
06/03/2022,manor
06/04/2022,creak
06/05/2022,showy
06/06/2022,phase
06/07/2022,froth
06/08/2022,depth
06/09/2022,gloom
06/10/2022,flood
06/11/2022,trait
06/12/2022,girth
06/13/2022,piety
06/14/2022,payer
06/15/2022,goose
06/16/2022,float
06/17/2022,donor
06/18/2022,atone
06/19/2022,primo
06/20/2022,apron
06/21/2022,blown
06/22/2022,cacao
06/23/2022,loser
06/24/2022,input
06/25/2022,gloat
06/26/2022,awful
06/27/2022,brink
06/28/2022,smite
06/29/2022,beady
06/30/2022,rusty
07/01/2022,retro
07/02/2022,droll
07/03/2022,gawky
07/04/2022,hutch
07/05/2022,pinto
07/06/2022,gaily
07/07/2022,egret
07/08/2022,lilac
07/09/2022,sever
07/10/2022,field
07/11/2022,fluff
07/12/2022,hydro
07/13/2022,flack
07/14/2022,agape
07/15/2022,voice
07/16/2022,stead
07/17/2022,stalk
07/18/2022,berth
07/19/2022,madam
07/20/2022,night
07/21/2022,bland
07/22/2022,liver
07/23/2022,wedge
07/24/2022,augur
07/25/2022,roomy
07/26/2022,wacky
07/27/2022,flock
07/28/2022,angry
07/29/2022,bobby
07/30/2022,trite
07/31/2022,aphid
08/01/2022,tryst
08/02/2022,midge
08/03/2022,power
08/04/2022,elope
08/05/2022,cinch
08/06/2022,motto
08/07/2022,stomp
08/08/2022,upset
08/09/2022,bluff
08/10/2022,cramp
08/11/2022,quart
08/12/2022,coyly
08/13/2022,youth
08/14/2022,rhyme
08/15/2022,buggy
08/16/2022,alien
08/17/2022,smear
08/18/2022,unfit
08/19/2022,patty
08/20/2022,cling
08/21/2022,glean
08/22/2022,label
08/23/2022,hunky
08/24/2022,khaki
08/25/2022,poker
08/26/2022,gruel
08/27/2022,twice
08/28/2022,twang
08/29/2022,shrug
08/30/2022,treat
08/31/2022,unlit
09/01/2022,waste
09/02/2022,merit
09/03/2022,woven
09/04/2022,octal
09/05/2022,needy
09/06/2022,clown
09/07/2022,widow
09/08/2022,irony
09/09/2022,ruder
09/10/2022,gauze
09/11/2022,chief
09/12/2022,onset
09/13/2022,prize
09/14/2022,fungi
09/15/2022,charm
09/16/2022,gully
09/17/2022,inter
09/18/2022,whoop
09/19/2022,taunt
09/20/2022,leery
09/21/2022,class
09/22/2022,theme
09/23/2022,lofty
09/24/2022,tibia
09/25/2022,booze
09/26/2022,alpha
09/27/2022,thyme
09/28/2022,eclat
09/29/2022,doubt
09/30/2022,parer
10/01/2022,chute
10/02/2022,stick
10/03/2022,trice
10/04/2022,alike
10/05/2022,sooth
10/06/2022,recap
10/07/2022,saint
10/08/2022,liege
10/09/2022,glory
10/10/2022,grate
10/11/2022,admit
10/12/2022,brisk
10/13/2022,soggy
10/14/2022,usurp
10/15/2022,scald
10/16/2022,scorn
10/17/2022,leave
10/18/2022,twine
10/19/2022,sting
10/20/2022,bough
10/21/2022,marsh
10/22/2022,sloth
10/23/2022,dandy
10/24/2022,vigor
10/25/2022,howdy
10/26/2022,enjoy
10/27/2022,valid
10/28/2022,ionic
10/29/2022,equal
10/30/2022,unset
10/31/2022,floor
11/01/2022,catch
11/02/2022,spade
11/03/2022,stein
11/04/2022,exist
11/05/2022,quirk
11/06/2022,denim
11/07/2022,grove
11/08/2022,spiel
11/09/2022,mummy
11/10/2022,fault
11/11/2022,foggy
11/12/2022,flout
11/13/2022,carry
11/14/2022,sneak
11/15/2022,libel
11/16/2022,waltz
11/17/2022,aptly
11/18/2022,piney
11/19/2022,inept
11/20/2022,aloud
11/21/2022,photo
11/22/2022,dream
11/23/2022,stale
11/24/2022,vomit
11/25/2022,ombre
11/26/2022,fanny
11/27/2022,unite
11/28/2022,snarl
11/29/2022,baker
11/30/2022,there
12/01/2022,glyph
12/02/2022,pooch
12/03/2022,hippy
12/04/2022,spell
12/05/2022,folly
12/06/2022,louse
12/07/2022,gulch
12/08/2022,vault
12/09/2022,godly
12/10/2022,threw
12/11/2022,fleet
12/12/2022,grave
12/13/2022,inane
12/14/2022,shock
12/15/2022,crave
12/16/2022,spite
12/17/2022,valve
12/18/2022,skimp
12/19/2022,claim
12/20/2022,rainy
12/21/2022,musty
12/22/2022,pique
12/23/2022,daddy
12/24/2022,quasi
12/25/2022,arise
12/26/2022,aging
12/27/2022,valet
12/28/2022,opium
12/29/2022,avert
12/30/2022,stuck
12/31/2022,recut
01/01/2023,mulch
01/02/2023,genre
01/03/2023,plume
01/04/2023,rifle
01/05/2023,count
01/06/2023,incur
01/07/2023,total
01/08/2023,wrest
01/09/2023,mocha
01/10/2023,deter
01/11/2023,study
01/12/2023,lover
01/13/2023,safer
01/14/2023,rivet
01/15/2023,funny
01/16/2023,smoke
01/17/2023,mound
01/18/2023,undue
01/19/2023,sedan
01/20/2023,pagan
01/21/2023,swine
01/22/2023,guile
01/23/2023,gusty
01/24/2023,equip
01/25/2023,tough
01/26/2023,canoe
01/27/2023,chaos
01/28/2023,covet
01/29/2023,human
01/30/2023,udder
01/31/2023,lunch
02/01/2023,blast
02/02/2023,stray
02/03/2023,manga
02/04/2023,melee
02/05/2023,lefty
02/06/2023,quick
02/07/2023,paste
02/08/2023,given
02/09/2023,octet
02/10/2023,risen
02/11/2023,groan
02/12/2023,leaky
02/13/2023,grind
02/14/2023,carve
02/15/2023,loose
02/16/2023,sadly
02/17/2023,spilt
02/18/2023,apple
02/19/2023,slack
02/20/2023,honey
02/21/2023,final
02/22/2023,sheen
02/23/2023,eerie
02/24/2023,minty
02/25/2023,slick
02/26/2023,derby
02/27/2023,wharf
02/28/2023,spelt
03/01/2023,coach
03/02/2023,erupt
03/03/2023,singe
03/04/2023,price
03/05/2023,spawn
03/06/2023,fairy
03/07/2023,jiffy
03/08/2023,filmy
03/09/2023,stack
03/10/2023,chose
03/11/2023,sleep
03/12/2023,ardor
03/13/2023,nanny
03/14/2023,niece
03/15/2023,woozy
03/16/2023,handy
03/17/2023,grace
03/18/2023,ditto
03/19/2023,stank
03/20/2023,cream
03/21/2023,usual
03/22/2023,diode
03/23/2023,valor
03/24/2023,angle
03/25/2023,ninja
03/26/2023,muddy
03/27/2023,chase
03/28/2023,reply
03/29/2023,prone
03/30/2023,spoil
03/31/2023,heart
04/01/2023,shade
04/02/2023,diner
04/03/2023,arson
04/04/2023,onion
04/05/2023,sleet
04/06/2023,dowel
04/07/2023,couch
04/08/2023,palsy
04/09/2023,bowel
04/10/2023,smile
04/11/2023,evoke
04/12/2023,creek
04/13/2023,lance
04/14/2023,eagle
04/15/2023,idiot
04/16/2023,siren
04/17/2023,built
04/18/2023,embed
04/19/2023,award
04/20/2023,dross
04/21/2023,annul
04/22/2023,goody
04/23/2023,frown
04/24/2023,patio
04/25/2023,laden
04/26/2023,humid
04/27/2023,elite
04/28/2023,lymph
04/29/2023,edify
04/30/2023,might
05/01/2023,reset
05/02/2023,visit
05/03/2023,gusto
05/04/2023,purse
05/05/2023,vapor
05/06/2023,crock
05/07/2023,write
05/08/2023,sunny
05/09/2023,loath
05/10/2023,chaff
05/11/2023,slide
05/12/2023,queer
05/13/2023,venom
05/14/2023,stamp
05/15/2023,sorry
05/16/2023,still
05/17/2023,acorn
05/18/2023,aping
05/19/2023,pushy
05/20/2023,tamer
05/21/2023,hater
05/22/2023,mania
05/23/2023,awoke
05/24/2023,brawn
05/25/2023,swift
05/26/2023,exile
05/27/2023,birch
05/28/2023,lucky
05/29/2023,freer
05/30/2023,risky
05/31/2023,ghost
06/01/2023,plier
06/02/2023,lunar
06/03/2023,winch
06/04/2023,snare
06/05/2023,nurse
06/06/2023,house
06/07/2023,borax
06/08/2023,nicer
06/09/2023,lurch
06/10/2023,exalt
06/11/2023,about
06/12/2023,savvy
06/13/2023,toxin
06/14/2023,tunic
06/15/2023,pried
06/16/2023,inlay
06/17/2023,chump
06/18/2023,lanky
06/19/2023,cress
06/20/2023,eater
06/21/2023,elude
06/22/2023,cycle
06/23/2023,kitty
06/24/2023,boule
06/25/2023,moron
06/26/2023,tenet
06/27/2023,place
06/28/2023,lobby
06/29/2023,plush
06/30/2023,vigil
07/01/2023,index
07/02/2023,blink
07/03/2023,clung
07/04/2023,qualm
07/05/2023,croup
07/06/2023,clink
07/07/2023,juicy
07/08/2023,stage
07/09/2023,decay
07/10/2023,nerve
07/11/2023,flier
07/12/2023,shaft
07/13/2023,crook
07/14/2023,clean
07/15/2023,china
07/16/2023,ridge
07/17/2023,vowel
07/18/2023,gnome
07/19/2023,snuck
07/20/2023,icing
07/21/2023,spiny
07/22/2023,rigor
07/23/2023,snail
07/24/2023,flown
07/25/2023,rabid
07/26/2023,prose
07/27/2023,thank
07/28/2023,poppy
07/29/2023,budge
07/30/2023,fiber
07/31/2023,moldy
08/01/2023,dowdy
08/02/2023,kneel
08/03/2023,track
08/04/2023,caddy
08/05/2023,quell
08/06/2023,dumpy
08/07/2023,paler
08/08/2023,swore
08/09/2023,rebar
08/10/2023,scuba
08/11/2023,splat
08/12/2023,flyer
08/13/2023,horny
08/14/2023,mason
08/15/2023,doing
08/16/2023,ozone
08/17/2023,amply
08/18/2023,molar
08/19/2023,ovary
08/20/2023,beset
08/21/2023,queue
08/22/2023,cliff
08/23/2023,magic
08/24/2023,truce
08/25/2023,sport
08/26/2023,fritz
08/27/2023,edict
08/28/2023,twirl
08/29/2023,verse
08/30/2023,llama
08/31/2023,eaten
09/01/2023,range
09/02/2023,whisk
09/03/2023,hovel
09/04/2023,rehab
09/05/2023,macaw
09/06/2023,sigma
09/07/2023,spout
09/08/2023,verve
09/09/2023,sushi
09/10/2023,dying
09/11/2023,fetid
09/12/2023,brain
09/13/2023,buddy
09/14/2023,thump
09/15/2023,scion
09/16/2023,candy
09/17/2023,chord
09/18/2023,basin
09/19/2023,march
09/20/2023,crowd
09/21/2023,arbor
09/22/2023,gayly
09/23/2023,musky
09/24/2023,stain
09/25/2023,dally
09/26/2023,bless
09/27/2023,bravo
09/28/2023,stung
09/29/2023,title
09/30/2023,ruler
10/01/2023,kiosk
10/02/2023,blond
10/03/2023,ennui
10/04/2023,layer
10/05/2023,fluid
10/06/2023,tatty
10/07/2023,score
10/08/2023,cutie
10/09/2023,zebra
10/10/2023,barge
10/11/2023,matey
10/12/2023,bluer
10/13/2023,aider
10/14/2023,shook
10/15/2023,river
10/16/2023,privy
10/17/2023,betel
10/18/2023,frisk
10/19/2023,bongo
10/20/2023,begun
10/21/2023,azure
10/22/2023,weave
10/23/2023,genie
10/24/2023,sound
10/25/2023,glove
10/26/2023,braid
10/27/2023,scope
10/28/2023,wryly
10/29/2023,rover
10/30/2023,assay
10/31/2023,ocean
11/01/2023,bloom
11/02/2023,irate
11/03/2023,later
11/04/2023,woken
11/05/2023,silky
11/06/2023,wreck
11/07/2023,dwelt
11/08/2023,slate
11/09/2023,smack
11/10/2023,solid
11/11/2023,amaze
11/12/2023,hazel
11/13/2023,wrist
11/14/2023,jolly
11/15/2023,globe
11/16/2023,flint
11/17/2023,rouse
11/18/2023,civil
11/19/2023,vista
11/20/2023,relax
11/21/2023,cover
11/22/2023,alive
11/23/2023,beech
11/24/2023,jetty
11/25/2023,bliss
11/26/2023,vocal
11/27/2023,often
11/28/2023,dolly
11/29/2023,eight
11/30/2023,joker
12/01/2023,since
12/02/2023,event
12/03/2023,ensue
12/04/2023,shunt
12/05/2023,diver
12/06/2023,poser
12/07/2023,worst
12/08/2023,sweep
12/09/2023,alley
12/10/2023,creed
12/11/2023,anime
12/12/2023,leafy
12/13/2023,bosom
12/14/2023,dunce
12/15/2023,stare
12/16/2023,pudgy
12/17/2023,waive
12/18/2023,choir
12/19/2023,stood
12/20/2023,spoke
12/21/2023,outgo
12/22/2023,delay
12/23/2023,bilge
12/24/2023,ideal
12/25/2023,clasp
12/26/2023,seize
12/27/2023,hotly
12/28/2023,laugh
12/29/2023,sieve
12/30/2023,block
12/31/2023,meant
01/01/2024,grape
01/02/2024,noose
01/03/2024,hardy
01/04/2024,shied
01/05/2024,drawl
01/06/2024,daisy
01/07/2024,putty
01/08/2024,strut
01/09/2024,burnt
01/10/2024,tulip
01/11/2024,crick
01/12/2024,idyll
01/13/2024,vixen
01/14/2024,furor
01/15/2024,geeky
01/16/2024,cough
01/17/2024,naive
01/18/2024,shoal
01/19/2024,stork
01/20/2024,bathe
01/21/2024,aunty
01/22/2024,check
01/23/2024,prime
01/24/2024,brass
01/25/2024,outer
01/26/2024,furry
01/27/2024,razor
01/28/2024,elect
01/29/2024,evict
01/30/2024,imply
01/31/2024,demur
02/01/2024,quota
02/02/2024,haven
02/03/2024,cavil
02/04/2024,swear
02/05/2024,crump
02/06/2024,dough
02/07/2024,gavel
02/08/2024,wagon
02/09/2024,salon
02/10/2024,nudge
02/11/2024,harem
02/12/2024,pitch
02/13/2024,sworn
02/14/2024,pupil
02/15/2024,excel
02/16/2024,stony
02/17/2024,cabin
02/18/2024,unzip
02/19/2024,queen
02/20/2024,trout
02/21/2024,polyp
02/22/2024,earth
02/23/2024,storm
02/24/2024,until
02/25/2024,taper
02/26/2024,enter
02/27/2024,child
02/28/2024,adopt
02/29/2024,minor
03/01/2024,fatty
03/02/2024,husky
03/03/2024,brave
03/04/2024,filet
03/05/2024,slime
03/06/2024,glint
03/07/2024,tread
03/08/2024,steal
03/09/2024,regal
03/10/2024,guest
03/11/2024,every
03/12/2024,murky
03/13/2024,share
03/14/2024,spore
03/15/2024,hoist
03/16/2024,buxom
03/17/2024,inner
03/18/2024,otter
03/19/2024,dimly
03/20/2024,level
03/21/2024,sumac
03/22/2024,donut
03/23/2024,stilt
03/24/2024,arena
03/25/2024,sheet
03/26/2024,scrub
03/27/2024,fancy
03/28/2024,slimy
03/29/2024,pearl
03/30/2024,silly
03/31/2024,porch
04/01/2024,dingo
04/02/2024,sepia
04/03/2024,amble
04/04/2024,shady
04/05/2024,bread
04/06/2024,friar
04/07/2024,reign
04/08/2024,dairy
04/09/2024,quill
04/10/2024,cross
04/11/2024,brood
04/12/2024,tuber
04/13/2024,shear
04/14/2024,posit
04/15/2024,blank
04/16/2024,villa
04/17/2024,shank
04/18/2024,piggy
04/19/2024,freak
04/20/2024,which
04/21/2024,among
04/22/2024,fecal
04/23/2024,shell
04/24/2024,would
04/25/2024,algae
04/26/2024,large
04/27/2024,rabbi
04/28/2024,agony
04/29/2024,amuse
04/30/2024,bushy
05/01/2024,copse
05/02/2024,swoon
05/03/2024,knife
05/04/2024,pouch
05/05/2024,ascot
05/06/2024,plane
05/07/2024,crown
05/08/2024,urban
05/09/2024,snide
05/10/2024,relay
05/11/2024,abide
05/12/2024,viola
05/13/2024,rajah
05/14/2024,straw
05/15/2024,dilly
05/16/2024,crash
05/17/2024,amass
05/18/2024,third
05/19/2024,trick
05/20/2024,tutor
05/21/2024,woody
05/22/2024,blurb
05/23/2024,grief
05/24/2024,disco
05/25/2024,where
05/26/2024,sassy
05/27/2024,beach
05/28/2024,sauna
05/29/2024,comic
05/30/2024,clued
05/31/2024,creep
06/01/2024,caste
06/02/2024,graze
06/03/2024,snuff
06/04/2024,frock
06/05/2024,gonad
06/06/2024,drunk
06/07/2024,prong
06/08/2024,lurid
06/09/2024,steel
06/10/2024,halve
06/11/2024,buyer
06/12/2024,vinyl
06/13/2024,utile
06/14/2024,smell
06/15/2024,adage
06/16/2024,worry
06/17/2024,tasty
06/18/2024,local
06/19/2024,trade
06/20/2024,finch
06/21/2024,ashen
06/22/2024,modal
06/23/2024,gaunt
06/24/2024,clove
06/25/2024,enact
06/26/2024,adorn
06/27/2024,roast
06/28/2024,speck
06/29/2024,sheik
06/30/2024,missy
07/01/2024,grunt
07/02/2024,snoop
07/03/2024,party
07/04/2024,touch
07/05/2024,mafia
07/06/2024,emcee
07/07/2024,array
07/08/2024,south
07/09/2024,vapid
07/10/2024,jelly
07/11/2024,skulk
07/12/2024,angst
07/13/2024,tubal
07/14/2024,lower
07/15/2024,crest
07/16/2024,sweat
07/17/2024,cyber
07/18/2024,adore
07/19/2024,tardy
07/20/2024,swami
07/21/2024,notch
07/22/2024,groom
07/23/2024,roach
07/24/2024,hitch
07/25/2024,young
07/26/2024,align
07/27/2024,ready
07/28/2024,frond
07/29/2024,strap
07/30/2024,puree
07/31/2024,realm
08/01/2024,venue
08/02/2024,swarm
08/03/2024,offer
08/04/2024,seven
08/05/2024,dryer
08/06/2024,diary
08/07/2024,dryly
08/08/2024,drank
08/09/2024,acrid
08/10/2024,heady
08/11/2024,theta
08/12/2024,junto
08/13/2024,pixie
08/14/2024,quoth
08/15/2024,bonus
08/16/2024,shalt
08/17/2024,penne
08/18/2024,amend
08/19/2024,datum
08/20/2024,build
08/21/2024,piano
08/22/2024,shelf
08/23/2024,lodge
08/24/2024,suing
08/25/2024,rearm
08/26/2024,coral
08/27/2024,ramen
08/28/2024,worth
08/29/2024,psalm
08/30/2024,infer
08/31/2024,overt
09/01/2024,mayor
09/02/2024,ovoid
09/03/2024,glide
09/04/2024,usage
09/05/2024,poise
09/06/2024,randy
09/07/2024,chuck
09/08/2024,prank
09/09/2024,fishy
09/10/2024,tooth
09/11/2024,ether
09/12/2024,drove
09/13/2024,idler
09/14/2024,swath
09/15/2024,stint
09/16/2024,while
09/17/2024,begat
09/18/2024,apply
09/19/2024,slang
09/20/2024,tarot
09/21/2024,radar
09/22/2024,credo
09/23/2024,aware
09/24/2024,canon
09/25/2024,shift
09/26/2024,timer
09/27/2024,bylaw
09/28/2024,serum
09/29/2024,three
09/30/2024,steak
10/01/2024,iliac
10/02/2024,shirk
10/03/2024,blunt
10/04/2024,puppy
10/05/2024,penal
10/06/2024,joist
10/07/2024,bunny
10/08/2024,shape
10/09/2024,beget
10/10/2024,wheel
10/11/2024,adept
10/12/2024,stunt
10/13/2024,stole
10/14/2024,topaz
10/15/2024,chore
10/16/2024,fluke
10/17/2024,afoot
10/18/2024,bloat
10/19/2024,bully
10/20/2024,dense
10/21/2024,caper
10/22/2024,sneer
10/23/2024,boxer
10/24/2024,jumbo
10/25/2024,lunge
10/26/2024,space
10/27/2024,avail
10/28/2024,short
10/29/2024,slurp
10/30/2024,loyal
10/31/2024,flirt
11/01/2024,pizza
11/02/2024,conch
11/03/2024,tempo
11/04/2024,droop
11/05/2024,plate
11/06/2024,bible
11/07/2024,plunk
11/08/2024,afoul
11/09/2024,savoy
11/10/2024,steep
11/11/2024,agile
11/12/2024,stake
11/13/2024,dwell
11/14/2024,knave
11/15/2024,beard
11/16/2024,arose
11/17/2024,motif
11/18/2024,smash
11/19/2024,broil
11/20/2024,glare
11/21/2024,shove
11/22/2024,baggy
11/23/2024,mammy
11/24/2024,swamp
11/25/2024,along
11/26/2024,rugby
11/27/2024,wager
11/28/2024,quack
11/29/2024,squat
11/30/2024,snaky
12/01/2024,debit
12/02/2024,mange
12/03/2024,skate
12/04/2024,ninth
12/05/2024,joust
12/06/2024,tramp
12/07/2024,spurn
12/08/2024,medal
12/09/2024,micro
12/10/2024,rebel
12/11/2024,flank
12/12/2024,learn
12/13/2024,nadir
12/14/2024,maple
12/15/2024,comfy
12/16/2024,remit
12/17/2024,gruff
12/18/2024,ester
12/19/2024,least
12/20/2024,mogul
12/21/2024,fetch
12/22/2024,cause
12/23/2024,oaken
12/24/2024,aglow
12/25/2024,meaty
12/26/2024,gaffe
12/27/2024,shyly
12/28/2024,racer
12/29/2024,prowl
12/30/2024,thief
12/31/2024,stern
01/01/2025,poesy
01/02/2025,rocky
01/03/2025,tweet
01/04/2025,waist
01/05/2025,spire
01/06/2025,grope
01/07/2025,havoc
01/08/2025,patsy
01/09/2025,truly
01/10/2025,forty
01/11/2025,deity
01/12/2025,uncle
01/13/2025,swish
01/14/2025,giver
01/15/2025,preen
01/16/2025,bevel
01/17/2025,lemur
01/18/2025,draft
01/19/2025,slope
01/20/2025,annoy
01/21/2025,lingo
01/22/2025,bleak
01/23/2025,ditty
01/24/2025,curly
01/25/2025,cedar
01/26/2025,dirge
01/27/2025,grown
01/28/2025,horde
01/29/2025,drool
01/30/2025,shuck
01/31/2025,crypt
02/01/2025,cumin
02/02/2025,stock
02/03/2025,gravy
02/04/2025,locus
02/05/2025,wider
02/06/2025,breed
02/07/2025,quite
02/08/2025,chafe
02/09/2025,cache
02/10/2025,blimp
02/11/2025,deign
02/12/2025,fiend
02/13/2025,logic
02/14/2025,cheap
02/15/2025,elide
02/16/2025,rigid
02/17/2025,FALSE
02/18/2025,renal
02/19/2025,pence
02/20/2025,rowdy
02/21/2025,shoot
02/22/2025,blaze
02/23/2025,envoy
02/24/2025,posse
02/25/2025,brief
02/26/2025,never
02/27/2025,abort
02/28/2025,mouse
03/01/2025,mucky
03/02/2025,sulky
03/03/2025,fiery
03/04/2025,media
03/05/2025,trunk
03/06/2025,yeast
03/07/2025,clear
03/08/2025,skunk
03/09/2025,scalp
03/10/2025,bitty
03/11/2025,cider
03/12/2025,koala
03/13/2025,duvet
03/14/2025,segue
03/15/2025,creme
03/16/2025,super
03/17/2025,grill
03/18/2025,after
03/19/2025,owner
03/20/2025,ember
03/21/2025,reach
03/22/2025,nobly
03/23/2025,empty
03/24/2025,speed
03/25/2025,gipsy
03/26/2025,recur
03/27/2025,smock
03/28/2025,dread
03/29/2025,merge
03/30/2025,burst
03/31/2025,kappa
04/01/2025,amity
04/02/2025,shaky
04/03/2025,hover
04/04/2025,carol
04/05/2025,snort
04/06/2025,synod
04/07/2025,faint
04/08/2025,haunt
04/09/2025,flour
04/10/2025,chair
04/11/2025,detox
04/12/2025,shrew
04/13/2025,tense
04/14/2025,plied
04/15/2025,quark
04/16/2025,burly
04/17/2025,novel
04/18/2025,waxen
04/19/2025,stoic
04/20/2025,jerky
04/21/2025,blitz
04/22/2025,beefy
04/23/2025,lyric
04/24/2025,hussy
04/25/2025,towel
04/26/2025,quilt
04/27/2025,below
04/28/2025,bingo
04/29/2025,wispy
04/30/2025,brash
05/01/2025,scone
05/02/2025,toast
05/03/2025,easel
05/04/2025,saucy
05/05/2025,value
05/06/2025,spice
05/07/2025,honor
05/08/2025,route
05/09/2025,sharp
05/10/2025,bawdy
05/11/2025,radii
05/12/2025,skull
05/13/2025,phony
05/14/2025,issue
05/15/2025,lager
05/16/2025,swell
05/17/2025,urine
05/18/2025,gassy
05/19/2025,trial
05/20/2025,flora
05/21/2025,upper
05/22/2025,latch
05/23/2025,wight
05/24/2025,brick
05/25/2025,retry
05/26/2025,holly
05/27/2025,decal
05/28/2025,grass
05/29/2025,shack
05/30/2025,dogma
05/31/2025,mover
06/01/2025,defer
06/02/2025,sober
06/03/2025,optic
06/04/2025,crier
06/05/2025,vying
06/06/2025,nomad
06/07/2025,flute
06/08/2025,hippo
06/09/2025,shark
06/10/2025,drier
06/11/2025,obese
06/12/2025,bugle
06/13/2025,tawny
06/14/2025,chalk
06/15/2025,feast
06/16/2025,ruddy
06/17/2025,pedal
06/18/2025,scarf
06/19/2025,cruel
06/20/2025,bleat
06/21/2025,tidal
06/22/2025,slush
06/23/2025,semen
06/24/2025,windy
06/25/2025,dusty
06/26/2025,sally
06/27/2025,igloo
06/28/2025,nerdy
06/29/2025,jewel
06/30/2025,shone
07/01/2025,whale
07/02/2025,hymen
07/03/2025,abuse
07/04/2025,fugue
07/05/2025,elbow
07/06/2025,crumb
07/07/2025,pansy
07/08/2025,welsh
07/09/2025,syrup
07/10/2025,terse
07/11/2025,suave
07/12/2025,gamut
07/13/2025,swung
07/14/2025,drake
07/15/2025,freed
07/16/2025,afire
07/17/2025,shirt
07/18/2025,grout
07/19/2025,oddly
07/20/2025,tithe
07/21/2025,plaid
07/22/2025,dummy
07/23/2025,broom
07/24/2025,blind
07/25/2025,torch
07/26/2025,enemy
07/27/2025,again
07/28/2025,tying
07/29/2025,pesky
07/30/2025,alter
07/31/2025,gazer
08/01/2025,noble
08/02/2025,ethos
08/03/2025,bride
08/04/2025,extol
08/05/2025,decor
08/06/2025,hobby
08/07/2025,beast
08/08/2025,idiom
08/09/2025,utter
08/10/2025,these
08/11/2025,sixth
08/12/2025,alarm
08/13/2025,erase
08/14/2025,elegy
08/15/2025,spunk
08/16/2025,piper
08/17/2025,scaly
08/18/2025,scold
08/19/2025,hefty
08/20/2025,chick
08/21/2025,sooty
08/22/2025,canal
08/23/2025,whiny
08/24/2025,slash
08/25/2025,quake
08/26/2025,joint
08/27/2025,swept
08/28/2025,prude
08/29/2025,heavy
08/30/2025,wield
08/31/2025,femme
09/01/2025,lasso
09/02/2025,maize
09/03/2025,shale
09/04/2025,screw
09/05/2025,spree
09/06/2025,smoky
09/07/2025,whiff
09/08/2025,scent
09/09/2025,glade
09/10/2025,spent
09/11/2025,prism
09/12/2025,stoke
09/13/2025,riper
09/14/2025,orbit
09/15/2025,cocoa
09/16/2025,guilt
09/17/2025,humus
09/18/2025,shush
09/19/2025,table
09/20/2025,smirk
09/21/2025,wrong
09/22/2025,noisy
09/23/2025,alert
09/24/2025,shiny
09/25/2025,elate
09/26/2025,resin
09/27/2025,whole
09/28/2025,hunch
09/29/2025,pixel
09/30/2025,polar
10/01/2025,hotel
10/02/2025,sword
10/03/2025,cleat
10/04/2025,mango
10/05/2025,rumba
10/06/2025,puffy
10/07/2025,filly
10/08/2025,billy
10/09/2025,leash
10/10/2025,clout
10/11/2025,dance
10/12/2025,ovate
10/13/2025,facet
10/14/2025,chili
10/15/2025,paint
10/16/2025,liner
10/17/2025,curio
10/18/2025,salty
10/19/2025,audio
10/20/2025,snake
10/21/2025,fable
10/22/2025,cloak
10/23/2025,navel
10/24/2025,spurt
10/25/2025,pesto
10/26/2025,balmy
10/27/2025,flash
10/28/2025,unwed
10/29/2025,early
10/30/2025,churn
10/31/2025,weedy
11/01/2025,stump
11/02/2025,lease
11/03/2025,witty
11/04/2025,wimpy
11/05/2025,spoof
11/06/2025,saner
11/07/2025,blend
11/08/2025,salsa
11/09/2025,thick
11/10/2025,warty
11/11/2025,manic
11/12/2025,blare
11/13/2025,squib
11/14/2025,spoon
11/15/2025,probe
11/16/2025,crepe
11/17/2025,knack
11/18/2025,force
11/19/2025,debut
11/20/2025,order
11/21/2025,haste
11/22/2025,teeth
11/23/2025,agent
11/24/2025,widen
11/25/2025,icily
11/26/2025,slice
11/27/2025,ingot
11/28/2025,clash
11/29/2025,juror
11/30/2025,blood
12/01/2025,abode
12/02/2025,throw
12/03/2025,unity
12/04/2025,pivot
12/05/2025,slept
12/06/2025,troop
12/07/2025,spare
12/08/2025,sewer
12/09/2025,parse
12/10/2025,morph
12/11/2025,cacti
12/12/2025,tacky
12/13/2025,spool
12/14/2025,demon
12/15/2025,moody
12/16/2025,annex
12/17/2025,begin
12/18/2025,fuzzy
12/19/2025,patch
12/20/2025,water
12/21/2025,lumpy
12/22/2025,admin
12/23/2025,omega
12/24/2025,limit
12/25/2025,tabby
12/26/2025,macho
12/27/2025,aisle
12/28/2025,skiff
12/29/2025,basis
12/30/2025,plank
12/31/2025,verge
01/01/2026,botch
01/02/2026,crawl
01/03/2026,lousy
01/04/2026,slain
01/05/2026,cubic
01/06/2026,raise
01/07/2026,wrack
01/08/2026,guide
01/09/2026,foist
01/10/2026,cameo
01/11/2026,under
01/12/2026,actor
01/13/2026,revue
01/14/2026,fraud
01/15/2026,harpy
01/16/2026,scoop
01/17/2026,climb
01/18/2026,refer
01/19/2026,olden
01/20/2026,clerk
01/21/2026,debar
01/22/2026,tally
01/23/2026,ethic
01/24/2026,cairn
01/25/2026,tulle
01/26/2026,ghoul
01/27/2026,hilly
01/28/2026,crude
01/29/2026,apart
01/30/2026,scale
01/31/2026,older
02/01/2026,plain
02/02/2026,sperm
02/03/2026,briny
02/04/2026,abbot
02/05/2026,rerun
02/06/2026,quest
02/07/2026,crisp
02/08/2026,bound
02/09/2026,befit
02/10/2026,drawn
02/11/2026,suite
02/12/2026,itchy
02/13/2026,cheer
02/14/2026,bagel
02/15/2026,guess
02/16/2026,broad
02/17/2026,axiom
02/18/2026,chard
02/19/2026,caput
02/20/2026,leant
02/21/2026,harsh
02/22/2026,curse
02/23/2026,proud
02/24/2026,swing
02/25/2026,opine
02/26/2026,taste
02/27/2026,lupus
02/28/2026,gumbo
03/01/2026,miner
03/02/2026,green
03/03/2026,chasm
03/04/2026,lipid
03/05/2026,topic
03/06/2026,armor
03/07/2026,brush
03/08/2026,crane
03/09/2026,mural
03/10/2026,abled
03/11/2026,habit
03/12/2026,bossy
03/13/2026,maker
03/14/2026,dusky
03/15/2026,dizzy
03/16/2026,lithe
03/17/2026,brook
03/18/2026,jazzy
03/19/2026,fifty
03/20/2026,sense
03/21/2026,giant
03/22/2026,surly
03/23/2026,legal
03/24/2026,fatal
03/25/2026,flunk
03/26/2026,began
03/27/2026,prune
03/28/2026,small
03/29/2026,slant
03/30/2026,scoff
03/31/2026,torus
04/01/2026,ninny
04/02/2026,covey
04/03/2026,viper
04/04/2026,taken
04/05/2026,moral
04/06/2026,vogue
04/07/2026,owing
04/08/2026,token
04/09/2026,entry
04/10/2026,booth
04/11/2026,voter
04/12/2026,chide
04/13/2026,elfin
04/14/2026,ebony
04/15/2026,neigh
04/16/2026,minim
04/17/2026,melon
04/18/2026,kneed
04/19/2026,decoy
04/20/2026,voila
04/21/2026,ankle
04/22/2026,arrow
04/23/2026,mushy
04/24/2026,tribe
04/25/2026,cease
04/26/2026,eager
04/27/2026,birth
04/28/2026,graph
04/29/2026,odder
04/30/2026,terra
05/01/2026,weird
05/02/2026,tried
05/03/2026,clack
05/04/2026,color
05/05/2026,rough
05/06/2026,weigh
05/07/2026,uncut
05/08/2026,ladle
05/09/2026,strip
05/10/2026,craft
05/11/2026,minus
05/12/2026,dicey
05/13/2026,titan
05/14/2026,lucid
05/15/2026,vicar
05/16/2026,dress
05/17/2026,ditch
05/18/2026,gypsy
05/19/2026,pasta
05/20/2026,taffy
05/21/2026,flame
05/22/2026,swoop
05/23/2026,aloof
05/24/2026,sight
05/25/2026,broke
05/26/2026,teary
05/27/2026,chart
05/28/2026,sixty
05/29/2026,wordy
05/30/2026,sheer
05/31/2026,leper
06/01/2026,nosey
06/02/2026,bulge
06/03/2026,savor
06/04/2026,clamp
06/05/2026,funky
06/06/2026,foamy
06/07/2026,toxic
06/08/2026,brand
06/09/2026,plumb
06/10/2026,dingy
06/11/2026,butte
06/12/2026,drill
06/13/2026,tripe
06/14/2026,bicep
06/15/2026,tenor
06/16/2026,krill
06/17/2026,worse
06/18/2026,drama
06/19/2026,hyena
06/20/2026,think
06/21/2026,ratio
06/22/2026,cobra
06/23/2026,basil
06/24/2026,scrum
06/25/2026,bused
06/26/2026,phone
06/27/2026,court
06/28/2026,camel
06/29/2026,proof
06/30/2026,heard
07/01/2026,angel
07/02/2026,petal
07/03/2026,pouty
07/04/2026,throb
07/05/2026,maybe
07/06/2026,fetal
07/07/2026,sprig
07/08/2026,spine
07/09/2026,shout
07/10/2026,cadet
07/11/2026,macro
07/12/2026,dodgy
07/13/2026,satyr
07/14/2026,rarer
07/15/2026,binge
07/16/2026,trend
07/17/2026,nutty
07/18/2026,leapt
07/19/2026,amiss
07/20/2026,split
07/21/2026,myrrh
07/22/2026,width
07/23/2026,sonar
07/24/2026,tower
07/25/2026,baron
07/26/2026,fever
07/27/2026,waver
07/28/2026,spark
07/29/2026,belie
07/30/2026,sloop
07/31/2026,expel
08/01/2026,smote
08/02/2026,baler
08/03/2026,above
08/04/2026,north
08/05/2026,wafer
08/06/2026,scant
08/07/2026,frill
08/08/2026,awash
08/09/2026,snack
08/10/2026,scowl
08/11/2026,frail
08/12/2026,drift
08/13/2026,limbo
08/14/2026,fence
08/15/2026,motel
08/16/2026,ounce
08/17/2026,wreak
08/18/2026,revel
08/19/2026,talon
08/20/2026,prior
08/21/2026,knelt
08/22/2026,cello
08/23/2026,flake
08/24/2026,debug
08/25/2026,anode
08/26/2026,crime
08/27/2026,salve
08/28/2026,scout
08/29/2026,imbue
08/30/2026,pinky
08/31/2026,stave
09/01/2026,vague
09/02/2026,chock
09/03/2026,fight
09/04/2026,video
09/05/2026,stone
09/06/2026,teach
09/07/2026,cleft
09/08/2026,frost
09/09/2026,prawn
09/10/2026,booty
09/11/2026,twist
09/12/2026,apnea
09/13/2026,stiff
09/14/2026,plaza
09/15/2026,ledge
09/16/2026,tweak
09/17/2026,board
09/18/2026,grant
09/19/2026,medic
09/20/2026,bacon
09/21/2026,cable
09/22/2026,brawl
09/23/2026,slunk
09/24/2026,raspy
09/25/2026,forum
09/26/2026,drone
09/27/2026,women
09/28/2026,mucus
09/29/2026,boast
09/30/2026,toddy
10/01/2026,coven
10/02/2026,tumor
10/03/2026,truer
10/04/2026,wrath
10/05/2026,stall
10/06/2026,steam
10/07/2026,axial
10/08/2026,purer
10/09/2026,daily
10/10/2026,trail
10/11/2026,niche
10/12/2026,mealy
10/13/2026,juice
10/14/2026,nylon
10/15/2026,plump
10/16/2026,merry
10/17/2026,flail
10/18/2026,papal
10/19/2026,wheat
10/20/2026,berry
10/21/2026,cower
10/22/2026,erect
10/23/2026,brute
10/24/2026,leggy
10/25/2026,snipe
10/26/2026,sinew
10/27/2026,skier
10/28/2026,penny
10/29/2026,jumpy
10/30/2026,rally
10/31/2026,umbra
11/01/2026,scary
11/02/2026,modem
11/03/2026,gross
11/04/2026,avian
11/05/2026,greed
11/06/2026,satin
11/07/2026,tonic
11/08/2026,parka
11/09/2026,sniff
11/10/2026,livid
11/11/2026,stark
11/12/2026,trump
11/13/2026,giddy
11/14/2026,reuse
11/15/2026,taboo
11/16/2026,avoid
11/17/2026,quote
11/18/2026,devil
11/19/2026,liken
11/20/2026,gloss
11/21/2026,gayer
11/22/2026,beret
11/23/2026,noise
11/24/2026,gland
11/25/2026,dealt
11/26/2026,sling
11/27/2026,rumor
11/28/2026,opera
11/29/2026,thigh
11/30/2026,tonga
12/01/2026,flare
12/02/2026,wound
12/03/2026,white
12/04/2026,bulky
12/05/2026,etude
12/06/2026,horse
12/07/2026,circa
12/08/2026,paddy
12/09/2026,inbox
12/10/2026,fizzy
12/11/2026,grain
12/12/2026,exert
12/13/2026,surge
12/14/2026,gleam
12/15/2026,belle
12/16/2026,salvo
12/17/2026,crush
12/18/2026,fruit
12/19/2026,sappy
12/20/2026,taker
12/21/2026,tract
12/22/2026,ovine
12/23/2026,spiky
12/24/2026,frank
12/25/2026,reedy
12/26/2026,filth
12/27/2026,spasm
12/28/2026,heave
12/29/2026,mambo
12/30/2026,right
12/31/2026,clank
01/01/2027,trust
01/02/2027,lumen
01/03/2027,borne
01/04/2027,spook
01/05/2027,sauce
01/06/2027,amber
01/07/2027,lathe
01/08/2027,carat
01/09/2027,corer
01/10/2027,dirty
01/11/2027,slyly
01/12/2027,affix
01/13/2027,alloy
01/14/2027,taint
01/15/2027,sheep
01/16/2027,kinky
01/17/2027,wooly
01/18/2027,mauve
01/19/2027,flung
01/20/2027,yacht
01/21/2027,fried
01/22/2027,quail
01/23/2027,brunt
01/24/2027,grimy
01/25/2027,curvy
01/26/2027,cagey
01/27/2027,rinse
01/28/2027,deuce
01/29/2027,state
01/30/2027,grasp
01/31/2027,milky
02/01/2027,bison
02/02/2027,graft
02/03/2027,sandy
02/04/2027,baste
02/05/2027,flask
02/06/2027,hedge
02/07/2027,girly
02/08/2027,swash
02/09/2027,boney
02/10/2027,coupe
02/11/2027,endow
02/12/2027,abhor
02/13/2027,welch
02/14/2027,blade
02/15/2027,tight
02/16/2027,geese
02/17/2027,miser
02/18/2027,mirth
02/19/2027,cloud
02/20/2027,cabal
02/21/2027,leech
02/22/2027,close
02/23/2027,tenth
02/24/2027,pecan
02/25/2027,droit
02/26/2027,grail
02/27/2027,clone
02/28/2027,guise
03/01/2027,ralph
03/02/2027,tango
03/03/2027,biddy
03/04/2027,smith
03/05/2027,mower
03/06/2027,payee
03/07/2027,serif
03/08/2027,drape
03/09/2027,fifth
03/10/2027,spank
03/11/2027,glaze
03/12/2027,allot
03/13/2027,truck
03/14/2027,kayak
03/15/2027,virus
03/16/2027,testy
03/17/2027,tepee
03/18/2027,fully
03/19/2027,zonal
03/20/2027,metro
03/21/2027,curry
03/22/2027,grand
03/23/2027,banjo
03/24/2027,axion
03/25/2027,bezel
03/26/2027,occur
03/27/2027,chain
03/28/2027,nasal
03/29/2027,gooey
03/30/2027,filer
03/31/2027,brace
04/01/2027,allay
04/02/2027,pubic
04/03/2027,raven
04/04/2027,plead
04/05/2027,gnash
04/06/2027,flaky
04/07/2027,munch
04/08/2027,dully
04/09/2027,eking
04/10/2027,thing
04/11/2027,slink
04/12/2027,hurry
04/13/2027,theft
04/14/2027,shorn
04/15/2027,pygmy
04/16/2027,ranch
04/17/2027,wring
04/18/2027,lemon
04/19/2027,shore
04/20/2027,mamma
04/21/2027,froze
04/22/2027,newer
04/23/2027,style
04/24/2027,moose
04/25/2027,antic
04/26/2027,drown
04/27/2027,vegan
04/28/2027,chess
04/29/2027,guppy
04/30/2027,union
05/01/2027,lever
05/02/2027,lorry
05/03/2027,image
05/04/2027,cabby
05/05/2027,druid
05/06/2027,exact
05/07/2027,truth
05/08/2027,dopey
05/09/2027,spear
05/10/2027,cried
05/11/2027,chime
05/12/2027,crony
05/13/2027,stunk
05/14/2027,timid
05/15/2027,batch
05/16/2027,gauge
05/17/2027,rotor
05/18/2027,crack
05/19/2027,curve
05/20/2027,latte
05/21/2027,witch
05/22/2027,bunch
05/23/2027,repel
05/24/2027,anvil
05/25/2027,soapy
05/26/2027,meter
05/27/2027,broth
05/28/2027,madly
05/29/2027,dried
05/30/2027,scene
05/31/2027,known
06/01/2027,magma
06/02/2027,roost
06/03/2027,woman
06/04/2027,thong
06/05/2027,punch
06/06/2027,pasty
06/07/2027,downy
06/08/2027,knead
06/09/2027,whirl
06/10/2027,rapid
06/11/2027,clang
06/12/2027,anger
06/13/2027,drive
06/14/2027,goofy
06/15/2027,email
06/16/2027,music
06/17/2027,stuff
06/18/2027,bleep
06/19/2027,rider
06/20/2027,mecca
06/21/2027,folio
06/22/2027,setup
06/23/2027,verso
06/24/2027,quash
06/25/2027,fauna
06/26/2027,gummy
06/27/2027,happy
06/28/2027,newly
06/29/2027,fussy
06/30/2027,relic
07/01/2027,guava
07/02/2027,ratty
07/03/2027,fudge
07/04/2027,femur
07/05/2027,chirp
07/06/2027,forte
07/07/2027,alibi
07/08/2027,whine
07/09/2027,petty
07/10/2027,golly
07/11/2027,plait
07/12/2027,fleck
07/13/2027,felon
07/14/2027,gourd
07/15/2027,brown
07/16/2027,thrum
07/17/2027,ficus
07/18/2027,stash
07/19/2027,decry
07/20/2027,wiser
07/21/2027,junta
07/22/2027,visor
07/23/2027,daunt
07/24/2027,scree
07/25/2027,impel
07/26/2027,await
07/27/2027,press
07/28/2027,whose
07/29/2027,turbo
07/30/2027,stoop
07/31/2027,speak
08/01/2027,mangy
08/02/2027,eying
08/03/2027,inlet
08/04/2027,crone
08/05/2027,pulse
08/06/2027,mossy
08/07/2027,staid
08/08/2027,hence
08/09/2027,pinch
08/10/2027,teddy
08/11/2027,sully
08/12/2027,snore
08/13/2027,ripen
08/14/2027,snowy
08/15/2027,attic
08/16/2027,going
08/17/2027,leach
08/18/2027,mouth
08/19/2027,hound
08/20/2027,clump
08/21/2027,tonal
08/22/2027,bigot
08/23/2027,peril
08/24/2027,piece
08/25/2027,blame
08/26/2027,haute
08/27/2027,spied
08/28/2027,undid
08/29/2027,intro
08/30/2027,basal
08/31/2027,shine
09/01/2027,gecko
09/02/2027,rodeo
09/03/2027,guard
09/04/2027,steer
09/05/2027,loamy
09/06/2027,scamp
09/07/2027,scram
09/08/2027,manly
09/09/2027,hello
09/10/2027,vaunt
09/11/2027,organ
09/12/2027,feral
09/13/2027,knock
09/14/2027,extra
09/15/2027,condo
09/16/2027,adapt
09/17/2027,willy
09/18/2027,polka
09/19/2027,rayon
09/20/2027,skirt
09/21/2027,faith
09/22/2027,torso
09/23/2027,match
09/24/2027,mercy
09/25/2027,tepid
09/26/2027,sleek
09/27/2027,riser
09/28/2027,twixt
09/29/2027,peace
09/30/2027,flush
10/01/2027,catty
10/02/2027,login
10/03/2027,eject
10/04/2027,roger
10/05/2027,rival
10/06/2027,untie
10/07/2027,refit
10/08/2027,aorta
10/09/2027,adult
10/10/2027,judge
10/11/2027,rower
10/12/2027,artsy
10/13/2027,rural
10/14/2027,shave